max_depth,eval_metric
2,0.32035968
3,0.31967178
4,0.31946436
5,0.31923908
6,0.31930944
7,0.31931695
8,0.31955564
9,0.31971985
